87	is
28	are
27	was
22	see
21	using
17	compared
15	were
13	casting
12	has
11	included
10	used
10	received
10	including
10	reported
9	to detect
9	shows
9	did
8	evaluated
7	would be
7	described
7	based
7	not included
7	entering
7	studied
6	called
6	conducted
6	propose
6	secure
6	did not call
5	to improve
5	provided
5	to report
5	allows
4	enable
4	refer
4	provides
4	had
4	containing
4	to enter
4	evaluating
4	to be
4	according
4	report
4	assumed
4	means
4	to verify
4	perform
4	found
4	to evaluate
4	to cast
4	following
4	receive
4	cast
4	manipulating
4	is shown
3	requires
3	explaining
3	to enable
3	should be noted
3	describe
3	believe
3	start
3	noticed
3	conducting
3	are based
3	remaining
3	being
3	proposed
3	matches
3	make
3	recognised
3	considering
3	were debriefed
3	asked
3	enabling
3	must have
3	regarding
3	do
3	considered
3	decreasing
3	contact
3	confirms
3	did not detect
3	contained
3	to do
3	would have been
3	displayed
3	improving
3	immediately contact
3	to start
3	tested
3	were evaluated
3	increasing
3	learned
3	manipulated
3	to address
3	is provided
2	assume
2	cannot map
2	to ensure
2	could withdraw
2	was conducted
2	made
2	assumes
2	is not needed
2	removing
2	finalizing
2	so called
2	might be
2	asking
2	may have
2	describing
2	want to accept
2	were given
2	increases
2	knew
2	could participate
2	simulated
2	reporting
2	have been evaluated
2	participating
2	now shows
2	compromised
2	define
2	to allow
2	improved
2	reading
2	mentioned
2	chose
2	depends
2	to avoid
2	calling
2	to abstain
2	to explain
2	had read
2	to make
2	regards
2	experiences
2	was selected
2	was cast
2	have
2	addressing
2	to call
2	has been manipulated
2	confirming
2	given
2	place
2	detecting
2	base
2	polling
2	had completed
2	revised
2	would need to know
2	verifying
2	differs
2	left
2	to accept
2	facilitated
2	developed
2	to maximise
2	grant
2	did not know
2	intended
2	manually entering
2	indicates
2	compare
2	to vote
2	can
2	debriefing
2	is to extend
2	conrma
2	to read
2	only call
2	comparing
2	stated
2	remains
2	explained
2	invalidate
2	has been
2	is derived
2	sending
2	obtained
2	focuses
2	to reject
2	consisting
2	to study
2	believed
2	also report
2	were asked
2	focus
1	had been cast
1	having
1	significantly reducing
1	had to come
1	were recruited
1	to stop
1	voting
1	had been sealed
1	felt less secure
1	building
1	also shows
1	to nullify
1	was used to ensure
1	allowing
1	is included
1	have to be distributed
1	has not been evaluated
1	can potentially encode
1	are usually sent
1	generates
1	has been recorded
1	is covered
1	does not rely
1	would obtain
1	test
1	had decided not to call
1	could ask
1	check
1	were subsequently called
1	initially tried to correct
1	now conrm
1	to expend
1	is deduced
1	agreeing to take
1	proved
1	to follow
1	correctly reflects
1	would actually be stored
1	then summarise
1	manually can be replaced
1	adapting existing
1	to implement
1	applying
1	attesting
1	indirectly enabled
1	to get
1	decided to continue
1	has been cast
1	can be included
1	is recommended
1	are tallied
1	minimise
1	not contacting
1	has shown
1	to refrain
1	were evaluated using
1	is changed
1	self-reported
1	should be arranged
1	can withdraw
1	interacted
1	mainly studied
1	rely
1	would expect
1	were supposed to open
1	was developed
1	rendering
1	regards to vote
1	might be needed
1	can only be removed
1	did not contact
1	should be shared
1	introduced
1	mixed
1	to apply
1	camera-equipped
1	ensure
1	involving
1	also calculated
1	did not resemble
1	withdrew
1	is not affected
1	carried
1	to be decided
1	then discuss
1	conrm
1	targeting
1	not limited
1	encouraging
1	calling was
1	analysed
1	selecting
1	redoing
1	does not match
1	should be placed
1	cannot be reached
1	were asked to explain
1	decided not to contact
1	can continue
1	is particularly challenging
1	must not be
1	recorded
1	would be prepared to exert
1	differed depending
1	is to offer
1	delivered
1	are also considering
1	first prepared
1	is sponsored
1	were randomly assigned
1	not detected
1	was indicated
1	to compare
1	could study
1	were already being used
1	translated
1	needs to be improved
1	potentially making
1	also improve
1	follows
1	identifying
1	will remain
1	was already proposed
1	entered was
1	also regarded
1	did not gather
1	avoid having to enter
1	know
1	to further consider
1	advocate
1	showing
1	evaluate
1	read
1	needs to ensure
1	was suggested
1	have not been used
1	also assumes
1	personally engaging
1	adding
1	is no longer required to ensure
1	wanted to propose
1	assigned
1	had planned to contact
1	have been proposed
1	was collected
1	laptop
1	abstain
1	consisted
1	spend
1	then conducted
1	to meet
1	need to be entered
1	want to participate
1	do not possess
1	relies
1	therefore define
1	webpage displayed
1	is to manually enter
1	were asked to fill out
1	can only delete
1	uses
1	running
1	should select
1	has been used
1	historically known to support
1	were provided
1	did not report
1	had agreed to participate
1	have been carried out
1	can be summarised as follows
1	have been thoroughly conducted
1	would be deleted
1	are reported
1	is also increased
1	thus improving
1	was sent
1	called were deleted
1	decided not to offer
1	im
1	examined
1	could detect
1	was submitted
1	would confirm
1	are therefore explained
1	then discussed
1	is held
1	investigating
1	did find
1	may have been biased
1	match
1	having completed
1	means to verify
1	was further supported
1	casting would continue
1	still uses
1	to first read
1	can be sent
1	also less
1	developing
1	together deduce
1	would have only managed to block
1	handling
1	present
1	aim to answer
1	to avoid alerting
1	furthermore depicts
1	thus avoiding
1	ensuring
1	modelling
1	would be to ensure
1	offered
1	can be transferred
1	need to be
1	www-public.it-sudparis.eu/~gibson/research/
1	had been displayed
1	should contact
1	website
1	were conducted
1	are explained
1	entered
1	do not check
1	judging
1	treat
1	could be violated
1	first introduce
1	detected
1	thanked
1	will not be considered
1	have conducted
1	are used
1	usually called
1	to violate
1	to increase
1	was based
1	to block
1	is displayed
1	corresponds
1	actually observed
1	also compare
1	conclude
1	then asked
1	comes
1	are concerned
1	receives
1	were used to enter
1	having received
1	taking
1	have received
1	desired
1	still has
1	improve
1	could not observe
1	need to manually entered
1	did not match
1	could not answer
1	were put
1	prior to undertaking
1	did not find
1	extend
1	would like to thank
1	to design
1	were informed
1	may prevent
1	does not hold
1	says continue
1	decided
1	also studied
1	observed
1	also discuss
1	being considered
1	testing
1	to not reach
1	could not be performed
1	guessing
1	was revised
1	told
1	die
1	wish
1	do not defend
1	underlying
1	having agreed to participate
1	may have caused
1	had to enter
1	would be limited
1	to integrate
1	tended to prefer
1	did not conform
1	significantly out-performs
1	recommending
1	are performed using
1	are uniquely assigned
1	to recruiting
1	did not consider
1	preferred
1	could appear given
1	could help
1	to be integrated
1	can be implemented
1	could cast
1	would have wished
1	carefully select
1	have not informed
1	employed
1	underscores
1	may thus lead
1	distributed
1	is cast
1	depended
1	out-performs
1	was to commence
1	properly communicating
1	indicate
1	did not want to call
1	to operate
1	did also not significantly reduce
1	was evaluated
1	did not want
1	sent
1	agreed
1	show
1	also included
1	could use
1	might have been influenced
1	may argue
1	came
1	attacking
1	to test
1	should call
1	can actually contain
1	do not trust
1	to replacing
1	might accidentally nullify
1	should match
1	tallied
1	fulfilling
1	extending
1	intended to vote
1	to reveal
1	to encrypt
1	begin
1	need to be manually entered
1	also hold
1	recommended
1	reported feeling
1	answering
1	studying
1	to undertake
1	had detected
1	could not cast
1	also recommending
1	assessing
1	need
1	are compared
1	smirking
1	would probably have done
1	could be supplemented
1	ran
1	were also informed
1	deciding
1	were not detected
1	to continue
1	does not need to be entered
1	providing
1	can also benefit
1	would need to change
1	then selecting
1	was approved
1	not replace/alter
1	would appear
1	computes
1	recruited
1	to measure
1	to distribute
1	begins
1	is followed
1	should be applied
1	to complete
1	took
1	completed
1	were analysed
1	failed to describe
1	speaking
1	have already enjoyed
1	listed
1	needed
1	could not guarantee
1	agreed to participate to announce
1	recruiting
1	failed to confirm
1	interact
1	is used to maximise
1	has been translated
1	only displaying
1	has been empirically proven to be
1	to change
1	to send
1	proposing
1	to provide
1	is also supported
1	can contain
1	can significantly improve
1	performed using only reported
1	will also outperform
1	did recognise
1	should encourage
1	usually send
1	were carried out
1	to contemplate
1	to find
1	cannot be applied
1	determining
1	usually sent
1	were included
1	to be conducted
1	had reported
1	being shown
1	are currently not considered
1	to react to complaining
1	approaches
1	are treated
1	differ
1	cannot manipulate
1	displayed to convince
1	was presented
1	am
1	could demonstrate
1	are not violated
1	include
1	studied to assess
1	can only be made
1	was announced
1	to illustrated
1	living
1	would show
1	tried
1	have shown
1	combining
1	having already interacted
1	investigated
1	related
1	enabling enabling
1	are supposed to compare
1	did not specify
1	had observed
1	to casting
1	want to cast
1	would resemble
1	out-perform
1	need to be addressed
1	identified
1	presented
1	needed to verify
1	have found
1	were subsequently deleted
1	attempt to make
1	might be particularly challenging
1	ca be offered
1	also contains
1	to spend
1	prevented
1	return
1	can violate
1	count
1	should be restricted
1	differed
1	see also figure
1	also sent
1	would try to change
1	does not provide
1	decreases
1	chosen
1	acknowledge
1	is generated
1	did not study
1	is supposed to complain
1	are used to provide
1	would see
1	needs to be addressed is
1	were first coded
1	enter
1	thereby explored using
1	provide
1	would enable
1	propose to use
1	acknowledged
1	to mitigate
1	have concluded
1	had to be reported using
1	demonstrating
1	lay
1	webpage then displays
1	would be shown
1	to attempt
1	received were
1	is not required anymore to trust
1	sacrifice
1	replacing
1	are issued
1	commencing
1	are presented
1	were asked to cast
1	is yet to be studied
1	do not maliciously cooperate
1	proceeded
1	also propose
1	pressing
1	holds
1	verify
1	are often voiced
1	to gain
1	had noticed
1	were announced
1	did not take
1	was to evaluate
1	to collect
1	performed
1	then received
1	can be
1	should be read
1	only considered
1	to enhance
1	also used
1	were deleted
1	manually enter
1	to proceed
1	can provide
1	meet
1	was also mentioned
1	printing
1	would increase
1	do not know
1	noticed was
1	announcing
1	would not be
1	could not control
1	also contain
1	controlling
1	compared to kulyk
1	compared to casting
1	should consider extending
1	is depicted
1	clicking
1	intended to evaluate
1	actually called
1	now decide
1	introducing
1	could vary
1	having verified
1	issued raised
1	was done
1	did not permit
1	depicted
1	had been accepted
1	have not made
1	beginning
1	can encode
1	use
1	can use
1	need to be made
1	to use
1	could just finish casting
1	were printed double-sided
1	can be addressed
1	significantly more often compared
1	addressed
1	expect
1	is granted
1	were instructed to open
1	need to trust
1	was flawed
1	requiring
1	did not use
1	named
1	are entered
1	explain
1	mentions
1	resulting
1	would be assigned
1	are supposed to submit
1	experience
1	was to study
1	appears
1	not wanting to disturb
1	tallying
1	initially did not see
1	was called
1	is affiliated
1	operating
1	be provided
1	to select
1	was attested
1	have already been studied
1	would pose
1	can conclude
1	filled
1	not replaced/changed
1	find
1	is to enter
1	would need to hope
1	can fit
1	guarantees
1	was included
1	believes
1	including phoning
1	does not require having
1	to determine
1	was also not known
1	can be trusted
1	concluded
1	is secured
1	would trigger
1	being detected
1	to achieve
1	to identifying
1	decided to continue participating
1	not to know
1	chose to use
1	would have imposed
1	can be used
1	have evaluated
1	also include
1	also out-performs
1	perceived
1	were added
1	to show
1	continued
1	decide
1	had contacted
1	were to vote
1	could be authenticated
1	is limited
1	were told
1	also stressed
1	having cast
1	were proposed
1	to prevent
1	scratch
1	to be sent
1	does
1	answered
1	blocking
1	send
1	must enter
1	having detected
1	had to confirm
1	is to report
1	have proposed
1	displaying
1	involved
1	were inspired
1	are scanned
1	to check
1	was explained
1	existing
1	alerting
1	was detected
1	caused
1	to have
