695	is
321	are
121	visited
77	must be
74	using
62	have
61	has
50	given
39	used
38	including
31	computing
29	to ensure
27	allows
26	to verify
25	to vote
25	running
24	was
23	existing
22	casting
22	provide
21	based
21	to use
21	include
21	requires
21	distributed
21	making
20	should be
20	cast
19	uses
19	provides
18	to be
18	voted
17	can
17	required
17	building
17	to determine
17	enables
16	will be
16	would be
16	takes
16	were
16	may be
16	must
15	use
15	associated
15	described
15	make
14	verifying
14	makes
14	developing
14	require
13	to cast
13	called
13	operating
13	to provide
13	may
13	to check
13	to make
13	recommend
12	ensuring
12	allow
12	remains
12	can be used
12	be
12	to run
12	discussed
12	means
12	secure
12	to prove
11	checking
11	processes
11	to detect
11	ensures
11	includes
11	provided
11	verify
11	to prevent
10	providing
10	produces
10	allowing
10	follows
10	depending
10	being
10	regarding
10	maintaining
10	support
10	ensure
10	can be
9	assuming
9	taking
9	must have
9	fixed
9	supports
9	run
9	set
9	contains
9	describe
9	recorded
9	to generate
9	enable
9	can use
9	to develop
9	receives
9	depends
9	designing
8	does
8	made
8	describing
8	built
8	develop
8	to support
8	casts
8	can make
8	exist
8	fulfills
8	performing
8	to participate
8	realizing
8	belonging
7	resulting
7	following
7	issued
7	having
7	describes
7	to protect
7	believe
7	found
7	known
7	is provided
7	verified
7	take
7	git
7	supporting
7	appear
7	containing
7	to do
7	it_holds
7	implemented
6	works
6	implementing
6	supported
6	could
6	integrated
6	can check
6	must ensure
6	focuses
6	expresses
6	to perform
6	generates
6	corresponds
6	creating
6	deploying
6	is corrupted
6	to achieve
6	might
6	solving
6	developed
6	intended
6	was used
6	requiring
6	published
6	solicit
6	examine
6	note
6	specify
6	must also be
6	corrupted
6	adds
6	setting
6	www
6	trusted
6	to identify
6	protect
6	must take
6	presents
6	reported
6	to address
5	compared
5	to follow
5	to allow
5	to implement
5	should use
5	included
5	to handle
5	introduces
5	increases
5	will
5	present
5	to produce
5	exists
5	to understand
5	designed
5	to see
5	defining
5	write
5	to evaluate
5	counted
5	to avoid
5	apply
5	expressing
5	remaining
5	generating
5	to validate
5	expect
5	to deploy
5	specifying
5	communicating
5	knows
5	commits
5	to have
5	to build
5	specified
5	identifying
5	mirrored
5	according
5	shows
5	receiving
5	can verify
5	produce
5	can provide
5	may be implemented
5	tallying
5	marking
5	must be provided
5	offer
5	can cause
5	had
5	claims
5	runs
5	to take
5	certified
5	distinguishing
5	satisfies
5	would
5	auditing
5	increasing
5	would not be
5	is posted
4	hosting
4	be used
4	is encrypted
4	will enable
4	audit
4	assert
4	responds
4	operates
4	should
4	previously mentioned
4	mandate
4	choose
4	mentioned
4	modified
4	correspond
4	holds
4	becomes
4	involves
4	led
4	helps
4	to recover
4	deployed
4	opens
4	to create
4	must trust
4	determines
4	passed
4	utilizes
4	must provide
4	is performed
4	constructing
4	installed
4	do not have
4	arise
4	remain
4	producing
4	generate
4	revealing
4	encoding
4	consider
4	represent
4	agree
4	should be used
4	communicate
4	may have
4	serves
4	seems
4	must keep
4	to meet
4	relies
4	observe
4	combined
4	fails
4	can detect
4	to learn
4	to maintain
4	is used
4	is revealed
4	discuss
4	to observe
4	occur
4	performed
4	to write
4	introducing
4	appears
4	doing
4	goes
4	prevent
4	did
4	presented
4	to indicate
4	assume
4	test
4	comparing
4	reducing
4	to apply
4	enters
4	perform
4	applied
4	participating
4	can take
4	is required
4	was cast
4	to hide
4	must be made
4	behaves
4	creates
4	to find
4	could be
4	involve
4	permits
4	distributing
4	were cast
4	must allow
4	consists
3	must use
3	starting
3	record
3	automated
3	expected
3	to test
3	has voted
3	might be
3	disrupting
3	choosing
3	know
3	combine
3	stored
3	is comprised
3	thought
3	to being
3	reporting
3	began
3	examined
3	stuffing
3	can record
3	has been gained
3	to compromise
3	formally verified
3	compromising
3	must be used
3	written
3	contain
3	can be run
3	deploy
3	adopted
3	may check
3	can undermine
3	keep
3	is determined
3	delegated
3	should not be used
3	performs
3	to specify
3	related
3	certifying
3	violating
3	produced
3	challenge
3	reflects
3	mirrors
3	manipulate
3	addresses
3	implement
3	leaving
3	involved
3	can prove
3	integrating
3	sent
3	send
3	was counted
3	generated
3	calculating
3	posted
3	mitigate
3	submit
3	were lost
3	behave
3	guarantees
3	must make
3	are written
3	must exhibit
3	evaluating
3	are made
3	see
3	is done
3	x
3	underlying
3	can trust
3	hope
3	should have
3	have described
3	recording
3	focusing
3	dealing
3	leading
3	ranges
3	to calculate
3	conducted
3	occurs
3	to invest
3	is based
3	are divided
3	reflect
3	needs
3	stated
3	challenging
3	evolved
3	achieving
3	taken
3	modify
3	to realize
3	accompanying
3	are given
3	will be detected
3	to impersonate
3	have shown
3	retains
3	is embedded
3	maintained
3	can be deployed
3	is to use
3	workflows
3	are used
3	can cast
3	must perform
3	reveals
3	are distributed
3	can be addressed
3	discovered
3	keeps
3	say
3	addressing
3	is not compromised
3	gives
3	audited
3	contained
3	is given
3	matches
3	is phrased
3	constitutes
3	offers
3	serving
3	to keep
3	improving
3	are described
3	claim
3	left
3	modifying
3	to reconstruct
3	to defend
3	commonly used
3	focus
3	affects
3	is included
3	cannot do
3	constructed
3	check
3	are corrupted
3	to read
3	are based
3	identify
3	to demonstrate
3	proposed
3	to carry
3	should be run
3	applies
3	to trust
3	must be designed
3	to update
3	fail
3	do
3	integrate
3	voting
3	is called
3	kept
3	must publish
3	are called
3	detecting
3	can produce
3	are resolved
3	combining
3	must preserve
3	also contains
3	maintain
3	to conduct
3	cannot verify
3	want
3	is deployed
3	changed
3	to compute
2	cannot be
2	to bootstrap
2	would mean
2	might be corrupted
2	et
2	www.democracyfund.org
2	recognize
2	to aid
2	recommend using
2	demonstrate
2	limit
2	count
2	could be expressed
2	recognizes
2	can be developed
2	getting
2	carried
2	is specified
2	avoid
2	lead
2	interact
2	have occurred
2	must receive
2	presume
2	match
2	has not been corrupted
2	imposes
2	must be encrypted
2	to note
2	could be hosted
2	to preserve
2	is controlled
2	has been used
2	being modified
2	examines
2	must also maintain
2	must be trusted
2	frameworks
2	ote
2	to increase
2	to pursue
2	opening
2	might have
2	interacting
2	operated
2	would make
2	employed
2	often have
2	controls
2	is cast
2	to know
2	face
2	can happen
2	was passed
2	must not disclose
2	submitted
2	can see
2	restricts
2	randomized
2	automating
2	maintains
2	reacts
2	can result
2	to reverse
2	identifies
2	must authenticate
2	were correctly recorded
2	chosen
2	cannot change
2	can be transmitted
2	to deal
2	to refine
2	demonstrating
2	should make
2	counting
2	malware
2	are determined
2	does not specify
2	have been developed
2	disabling
2	must determine
2	occurred
2	have been widely deployed
2	examining
2	crafting
2	receive
2	focused
2	explore
2	delivering
2	expressed
2	giving
2	replicated
2	licensed
2	preventing
2	mixing
2	do not agree
2	to move
2	will run
2	to certify
2	will never be
2	fully countering
2	fixing
2	defines
2	must maintain
2	defined
2	to fulfill
2	requesting
2	smells
2	can prevent
2	exercises
2	completing
2	to collaborate
2	is changed
2	working
2	changing
2	can be digitally signed
2	relating
2	processing
2	should continue
2	delivered
2	play
2	having to trust
2	showing
2	evaluate
2	could read
2	is scanned
2	to perpetrate
2	is guaranteed
2	trusted computing
2	may be corrupted
2	must be satisfied
2	compromised
2	may be issued
2	collected
2	cannot cause
2	have conducted
2	has signed
2	cannot be used
2	to help
2	is expected
2	mitigating
2	must indicate
2	wrote
2	remove
2	is constructed
2	will increase
2	find
2	to operate
2	minimizing
2	www.usvotefoundation.org
2	broadened
2	approved
2	is carried
2	finding
2	build
2	gathering
2	can be performed
2	can be generated
2	to verifying
2	deciding
2	have participated
2	must also have
2	differ
2	notify
2	widely-used
2	corrupting
2	is not accurately recorded
2	does not matter
2	are kept
2	trusts
2	publish
2	is distributed
2	to attack
2	relate
2	is generated
2	suffer
2	are guided
2	aided
2	help
2	register
2	can be applied
2	to express
2	is counted
2	executing
2	were affected
2	are driven
2	varying
2	tested
2	must include
2	to guarantee
2	to resolve
2	analyzing
2	would have
2	cause
2	can be broadly divided
2	can implement
2	concluding
2	can then be verified
2	to choose
2	tes
2	pass
2	switches
2	can find
2	follow
2	lack
2	has produced
2	presenting
2	to work
2	define
2	embedded
2	applying
2	to limit
2	is compromised
2	will have
2	does not have
2	recommends
2	have been made
2	handles
2	to stall
2	to think
2	to consider
2	meaning
2	measuring
2	being detected
2	moving
2	facing
2	handling
2	thinking
2	captured
2	are lost
2	may influence
2	www.galois.com
2	must achieve
2	evolves
2	to enable
2	assist
2	would likely be
2	compiling
2	engaged
2	can identify
2	investigating
2	is to ensure
2	can also be used
2	to offer
2	to establish
2	to translate
2	spark
2	can be written
2	registering
2	collects
2	prevents
2	to conform
2	can be refined
2	have taken
2	to integrate
2	reveal
2	will be used
2	is guaranteed to be
2	must be changed
2	encoded
2	show
2	have varied
2	disenfranchising
2	must assume
2	overcoming
2	is implemented
2	to authenticate
2	is predetermined
2	ciphertext
2	is becoming
2	proving
2	www.overseasvote.org
2	releases
2	to receive
2	vote
2	care
2	shown
2	can be improved
2	decides to cast
2	can allow
2	can write
2	execute
2	to detect tampering
2	will require
2	would also be
2	attempting to deploy
2	even detect
2	would see
2	to mitigate
2	cannot work
2	revealed
2	informs
2	to automatically generate
2	lacks
2	expanding
2	growing
2	believes
2	will be counted
2	to decode
2	should be considered
2	can be checked
2	live
2	can also provide
2	prove
2	to believe
2	marked
2	is invoked
2	were inserted
2	studied
2	sending
2	change
2	shared
2	can help
2	to include
2	emphasizes
2	used to cast
2	must not be
2	discovering
2	marks
2	depend
2	manages
2	has expanded
2	can consider deploying
2	managed
2	to record
2	must record
2	to confirm
2	will tell
2	are posted
2	builds
2	could be considered
2	offering
2	evidence-generating
2	is built
2	rely
2	raises
2	must be met
2	permitted
2	precomputes
2	can leave
2	to communicate
2	is parameterized
2	breaks
2	gave
2	automatically generating
2	can be detected
2	assigned
2	may depend
2	possesses
2	failing
2	decision-making
2	meets
2	interacts
2	often do
2	cannot learn
2	to estimate
2	legalizing
2	must conform
2	received
2	have developed
2	to be used
2	tallied
2	have been shown to be
2	decided
2	can be combined
2	suggested
2	must be overcome
2	must give
2	to occur
2	is destroyed
2	hosted
2	to answer
2	came
2	to convince
2	eliminates
2	will allow
2	have been cast
2	committing
2	will mandate
2	working to ensure
2	transmit
2	forces
2	recommended
2	tells
2	conforms
2	begins
2	rejected
2	took
2	serve
2	does not know
2	listed
2	needed
2	to change
2	features
2	to design
2	created
2	exposing
2	delegate
2	to reduce
2	are recorded
2	can apply
2	were taken
2	evolve
2	can be installed
2	have created
2	punchscan
2	can convince
2	does not provide
2	encapsulated
2	encompassing
2	lost
2	is applied
2	typed
2	to register
2	to release
2	indicates
2	to proceed
2	developed using
2	hold
2	used to fill
2	to audit
2	achieve
2	can be expressed
2	brought
2	replace
2	can be proven
2	reports
2	represented
2	consisting
2	causes
2	decoding
2	contributed
2	selected
2	surrounding
2	can require
2	updated
2	should run
2	are closely related
2	must not contain
1	defend
1	may craft
1	required to implement
1	will be run
1	complicate
1	may be categorized
1	cannot compromise
1	also shows
1	automatically transforming
1	have often pointed
1	to disrupt
1	are printed
1	are updated frequently to address
1	are widely discussed
1	can be used to profile
1	can have
1	to check out
1	do not allow
1	to balance
1	is posed
1	are infected
1	compares
1	are performing according
1	sufficiently to be
1	claiming
1	is not preserved
1	writeto receive
1	rationally determine
1	must also support
1	linhares
1	will also be
1	websites
1	strongly recommend
1	therefore recommend
1	denote
1	slowing
1	compromises
1	contribute
1	was committed
1	are being collected
1	is to deploy
1	invest
1	may have only fixed
1	should not provide
1	signed
1	places
1	intends to disrupt
1	compute
1	can be scanned
1	will claim to have solved
1	violate
1	delivers
1	also knoare
1	observes
1	goals
1	can inject
1	e-voting
1	successfully carried
1	not disclosing
1	generally applies
1	used are
1	terminates
1	are discovered
1	cannot be added
1	simply calling
1	to be exercised
1	has stopped accepting
1	lagged
1	will also improve
1	would like to work
1	may be altered
1	malware can infect
1	communicate to determine
1	does not permit
1	can successfully be used
1	can be used to mechanically generate
1	assess
1	have passed
1	may modify
1	have already allowed
1	polished
1	rendered
1	are typically referred
1	hopes to receive
1	does not exercise
1	are formally verified
1	are designed
1	routine/expected
1	is to counter
1	will almost certainly lead
1	relate specifically to auditing
1	to easily reproduce
1	gained
1	hiding
1	implemented using
1	is usually delivered
1	to open
1	is sufficiently compromised
1	addresses need not be hard-coded
1	is to be widely deployed must follow
1	selecting
1	can always be detected
1	to be changed
1	etc.may prove
1	to accepting
1	demonstrated
1	want to be perceived
1	does not deviate
1	built to work
1	having to meet
1	highlighting
1	is maintaining
1	to quickly adopt
1	is behaving
1	tend to recur
1	can be built
1	aligned
1	is not mean to be
1	need not be delegated
1	runs is
1	were recorded
1	only supports
1	must survive
1	collectively control
1	to be known
1	become
1	lose
1	was performed
1	mirrors appears
1	cannot provide
1	was obtained
1	typically associated
1	no longer has
1	can be used to ameliorate
1	excluding
1	must destroy
1	forcing
1	displaced
1	insert
1	will have to be solved
1	can instead make
1	cannot convince
1	invented specifically to fulfill
1	has been made
1	are typically voted
1	is actually not interacting
1	randomly sampled
1	then passes
1	increased
1	are still studying
1	could benefit
1	reconstructs
1	once written
1	will ultimately be determined
1	add
1	are accepted
1	supply
1	is introducted
1	may not be
1	must be ensured
1	are protected
1	could trigger
1	must guard
1	protecting
1	will evolve
1	could be used
1	can be revealed
1	have been proposed
1	must always be
1	intends to modify
1	can also be used to detect
1	supported according
1	restore
1	arising
1	physically secured
1	deserve
1	resort to accepting
1	www.overseasvotefoundation.org/files/time_to_move_march2011.doc
1	must function
1	were tabulated
1	cannot be expressed
1	can be brought
1	following are
1	languagescan be used to automatically generate
1	may also formalize
1	might be divided
1	might either blame
1	can modify
1	lobby
1	may misunderstand
1	introduce
1	cannot vote
1	assessing
1	may specify
1	absorb
1	are stolen
1	are tightly connected
1	may need to be made
1	gets
1	to aggregate
1	to asm.js
1	similarly infected
1	computer-aided
1	logging/monitoring
1	manage to find
1	are deployed
1	moves
1	vote are
1	capture
1	will be participating
1	also created
1	can be directed
1	are typically carried
1	respected
1	would expose
1	also creates
1	have lost
1	can only exercise
1	have mandated
1	can be traced back to before
1	asm.js
1	promotes
1	should take
1	can be sent
1	otherwise associated
1	splits
1	could build
1	need to be applied
1	are faced
1	sacrificing
1	coordinated
1	physically shown
1	often lead
1	controlled
1	arises
1	to function
1	faced
1	should be developed
1	was acknowledged
1	electing
1	utilizing
1	have historically been
1	did extend
1	also present
1	even to estimate
1	formally verifying
1	needed to vote
1	leads
1	are typically phrased
1	accomplishing
1	simply never really tried to vote
1	erased
1	were resolved
1	are properly encoded
1	to have restricted
1	to block
1	to incorporate
1	will have to guess
1	can do
1	still allows
1	can bring
1	comment
1	mutating
1	accurately reflects
1	passing
1	can submit
1	was originally designed
1	will sustain
1	may be allowed to load
1	there might be
1	can survive
1	provided uniquely identifies
1	primarily support
1	may lead
1	revoked
1	currently distrusts
1	facilitates
1	monitor
1	are usually written to reflect
1	have been certified
1	would still not be
1	will often be skipped
1	to spoil
1	not to detect
1	deliver
1	should be left to automated
1	would contain
1	will not divulge
1	would otherwise require
1	ends
1	are discussed
1	used to challenge
1	to weigh
1	to argue
1	suitably restricting
1	tpms are not universally deployed
1	only allow
1	to report
1	systemthat is
1	missing
1	cannot detect
1	to satisfy
1	processes is
1	are neither tested
1	may be used to improve
1	should to be
1	audits
1	usually cannot scale to provide
1	can be based
1	computes
1	to measure
1	might refine
1	computed
1	effectively gives
1	to extract
1	enhances
1	view
1	does not foreclose
1	typically depends
1	will not suffice
1	tuned
1	comprising
1	even generate
1	to constructively address
1	deceives
1	used to bootstrap
1	can alleviate
1	dilutes
1	=(
1	can be argued
1	propagated
1	must remain
1	can assist
1	flips
1	might follow
1	watching
1	could help
1	can be implemented
1	exchanged
1	discovers
1	may also be used to manage
1	can be used to verify
1	can gain
1	may prepare
1	specializes
1	can feel
1	lower bound
1	cannot fully defend
1	otherwise interfering
1	to clarify
1	agreed
1	encrypted
1	might also choose to maintain
1	there will always be
1	have actually been used
1	eventually tagging
1	to re-examine
1	should automatically include
1	be automated
1	justifying
1	should be restricted
1	to be maintained
1	especially to objectively compare
1	alarmed
1	needing to ensure
1	also called
1	statistically audit
1	organizationsperhaps
1	originally reported
1	would develop
1	rapidly changing
1	was preserved
1	realizes
1	not related to malware
1	as is
1	reproducing
1	to be performed
1	to alleviate
1	thereby enabling
1	would have left
1	strongly recommend using
1	has been posted
1	be implemented using
1	explicitly supports
1	factorsnot satisfy
1	cannot expect
1	could serve
1	may take
1	recommend have associated profiling
1	enforces
1	mistakenly believe
1	to automate forging
1	has used
1	specifically devised
1	does satisfy
1	must have recorded
1	would generally require
1	must accurately recreate
1	checking out
1	to disclose
1	may be directly synthesized
1	has not shipped
1	to distribute
1	has been manipulated
1	were created to make
1	should be applied
1	authenticate authorized
1	simulate
1	must be disclosed
1	written to reflect
1	can be linked
1	to explore
1	first examine
1	architecturehas
1	must design
1	scans
1	can lead
1	adequately addresses
1	had been prevented
1	is rapidly evolving
1	may wind up taking
1	are captured
1	can be examined
1	can come
1	is saved
1	ordering
1	has stored
1	reached
1	to send
1	purposefully broken
1	will likely be
1	smoothly integrating
1	make deploying
1	owned
1	might be trusted
1	possessing
1	blown
1	stimulate
1	does not necessarily provide
1	should be used to enforce
1	has strengthened
1	re-running
1	are secured using
1	will emerge
1	to building
1	was to change
1	determining
1	may sometimes induce
1	can digitally sign
1	could cause
1	is constantly changing
1	must be trusted to fulfill
1	should not be viewed
1	explicitly forbid
1	approaches
1	enumerate
1	are involved
1	must continue to rely
1	to rely
1	does not store
1	substantially replacing
1	otherwise hinder
1	may test
1	double-check
1	would have been calculated
1	could easily be repurposed to run
1	randomly selected
1	license
1	standardizing
1	are signed
1	relates
1	supported platformsshould be made
1	do not require
1	may be long gone
1	eventually collapsed
1	denote mirroring
1	exacerbated
1	should re-evaluate
1	transmitted
1	doesnt
1	not found
1	to accidentally retain
1	preclude
1	is supposed to operate
1	having to use
1	must appear
1	realize
1	actually tried to vote
1	be outsourced
1	will develop
1	closely-monitored computing
1	have been accurately counted
1	attains
1	is to require
1	mitigates
1	has been invoked
1	was launched
1	intends to implement
1	covered
1	has been modified
1	was originally developed
1	would include deploying
1	accredited
1	do not control
1	surreptitiously revealing
1	can satisfy
1	are flawed
1	can occur
1	falsely recorded is
1	to reflect
1	can be cast
1	should not be conducted
1	to duplicate
1	facilitated
1	competing
1	manually evaluates
1	adequately address
1	is to endow
1	are covered
1	are worried
1	advocates
1	destroying
1	cannot cheat
1	is voting
1	is packaged
1	were sold
1	introduced
1	to discourage
1	can help mitigate
1	can be formally characterized
1	to existing
1	are designed to automatically run
1	watch
1	are designed to enable
1	was also used
1	fail to do
1	express
1	will have to prove
1	is randomly selected
1	must engage
1	varies
1	cloud hosted
1	is to specify
1	also have associated servicesincluding
1	to voting
1	intended to reduce
1	had observing
1	tracker integrated
1	may be required to be executed
1	extreeeeemly long waits
1	may not even be
1	should hold
1	would have been caught
1	does not yet exist
1	may evolve
1	control
1	closing
1	almost certainly would not know
1	commits to be cryptographically signed
1	were addressed
1	will undermine
1	insists
1	vote be tied
1	still features mirroring
1	f
1	announcing
1	are developed to primarily support
1	appointed
1	recount
1	opposing
1	may use
1	merely serving
1	can be validated
1	might also introduce
1	being stolen electronically are
1	start
1	validated
1	to exhaustively test
1	substantially exacerbates
1	must be tempered
1	depicted
1	does not eliminate
1	are marginalized
1	then presents
1	decrease
1	are continually generated
1	to positively identify
1	to match
1	must not send
1	did not vote
1	strongly connected
1	may be checked
1	composed
1	will generally be
1	previously discussed
1	can strongly encourage
1	is fully distributed
1	were barely imagining
1	do not want
1	can be organized
1	vvote
1	preferably running
1	must be manually performed
1	could not be plugged
1	is later revealed
1	might argue
1	must also ensure
1	recomputing
1	fulfill
1	to data
1	is guaranteed to use
1	whatsoever is given
1	scratching off
1	leveraging
1	cannot be undetectably lost
1	exercise
1	is effectively built
1	gathers
1	is involved
1	was posted
1	used to gain
1	must be visibly correct
1	can use to check
1	was included
1	is received
1	may be added
1	actually executed
1	could replace
1	do not know
1	uocava made
1	would likely consist
1	can easily count
1	pretend
1	enforce
1	can hire
1	may help
1	dealt
1	is estimated
1	to derive
1	is presumed
1	have struggled to clearly define
1	privately owned
1	can be recounted
1	would subsequently perform
1	also include
1	uncovering
1	can be verified
1	have also been extensively studied
1	to further examine
1	must be published
1	votermust be
1	often cause
1	frameworks take
1	to patch
1	do not prevent
1	continues
1	to backup
1	has actually voted
1	must also look
1	does not like
1	tallying can be executed
1	is announced
1	do not yet satisfy
1	to legislate
1	were never included
1	is only guaranteed
1	compose
1	are not publicly tested
1	maliciously modifying
1	aim to disrupt
1	go
1	need to be kept
1	was executed
1	illustrated
1	has successfully voted
1	illustrates
1	can download
1	is closed
1	effectively has
1	being integrated
1	unambiguously maintains
1	departs
1	should strive to achieve
1	properly formed
1	are substituted
1	have not fully studied
1	might not choose
1	could be developed
1	is likely better suited
1	is needed to develop
1	has taught
1	may be automatically compiled
1	prepares
1	easily provide
1	are generally written
1	to refresh
1	could have posted
1	have received
1	sought to measure
1	integrates
1	also introduce
1	has been recorded
1	can ask
1	are only describing
1	does not rely
1	has thus far been limited
1	are working
1	unforgeably transmit
1	coded
1	typically becomes
1	is to start
1	just being thrown
1	proofs
1	clean up
1	must be introduced
1	will be primarily decided
1	not caused
1	sourceforge
1	has fully exercised
1	assumed to be
1	is not tied
1	can be measured
1	to obtain
1	cannot rely
1	chooses to cast
1	are rarely held
1	should be used to verify
1	vastly outweigh
1	storing
1	are well suited
1	also established
1	can not rely
1	secret-sharing
1	must treat
1	transmits
1	fulfilling
1	are also publically documented
1	is fully trusted
1	attribute
1	are sent
1	is to employ
1	encourages
1	is transformed
1	less frequently is
1	actually does
1	are solicited
1	must be accessed
1	re-verifying
1	tend to be
1	may cause
1	may vote
1	analyze
1	must only record
1	legally mandates
1	have not had
1	encryptions published
1	not giving up
1	cannot be automatically generated
1	are logged
1	will conduct
1	spoiling
1	commanding
1	being built
1	have not been shown to necessarily uncover
1	only casts
1	cooperates
1	should also be used to detect
1	canvassing
1	can be adequately addressed
1	should preferably be done
1	is meant to inform
1	is done ensures
1	to replace lost
1	functionality distributed
1	properly addresses
1	may cast
1	that changed
1	can be used to specify
1	successfully advocated
1	will truly capture
1	exercised
1	must balance
1	to applied
1	have effectively solved
1	to avoid repeating
1	must not display
1	then distributes
1	are discussing
1	doing so would certainly require
1	dating
1	to intervene
1	not getting caught
1	eliminate
1	primarily voted
1	are inherently trusted
1	must satisfy
1	to review
1	have been recorded
1	tend to exhibit
1	has finished
1	also allow
1	strongly recommend performing
1	would rely
1	do not fully extend
1	to gain
1	have already discussed
1	continue
1	ignore
1	to emerge
1	corresponds to m.
1	gnu make
1	does not support
1	are adversarially chosen
1	checking be used
1	like
1	can be solved
1	failed to cast
1	are required to generate
1	specifically extended
1	can be caused
1	is fixed
1	advocate
1	finalize
1	would set up
1	to synthesize
1	can also be used to specify
1	can be done
1	exercising
1	can agree
1	loading
1	getting caught
1	will still not be
1	letting
1	should be added
1	has to be
1	is spread
1	well-secured
1	shape
1	can be used to convince
1	that means
1	could make
1	is not explicitly addressed
1	broadly fail
1	to be adopted
1	used to convert
1	is hosted
1	to fully enfranchise
1	still presents
1	may respond
1	used to conduct
1	guarantees described
1	does not attempt to make
1	is described
1	should be deployed
1	was accurately recorded
1	residing
1	actually did insert
1	shall have
1	is started
1	ivote
1	enables processing
1	do not use
1	required to cast
1	may then be checked
1	is captured
1	were fraudulently cast
1	might also be
1	can independently verify
1	advise
1	emphasize
1	is exchanged
1	systemas mandated
1	can also serve
1	are managed
1	well-constrained
1	totally immunize
1	well-supported
1	functionality given
1	is not meant to be
1	binding
1	as codified
1	is not limited
1	may serve
1	is properly executed
1	have never had
1	already mentioned
1	is protected
1	replaced
1	evaluated
1	has never been attempted
1	expanded
1	are anonymized
1	are registered to vote
1	look
1	stolen
1	does not use
1	could allow
1	is only run
1	has been correctly recorded
1	is to assume
1	have moved
1	must continue operating
1	certainly is
1	used to establish
1	can objectively evaluate
1	dont yet know
1	meeting
1	potentially deployed
1	navigate
1	designed to help
1	is encrypting
1	could raise
1	verifiably correct
1	may be achieved
1	easily be extended to do
1	must also check
1	can be demonstrated
1	suppressing
1	is to overcome
1	may allow
1	can determine cost based
1	have been developed based
1	often presents
1	processes generally require
1	finds
1	approve
1	may be built
1	to monitor
1	have seen
1	should also have
1	can lag
1	are designed to be
1	practiced
1	cannot acquire
1	cannot be verified
1	may be logged out
1	c
1	is checked
1	had successfully voted
1	relying
1	understanding
1	there will no longer be
1	can be recorded
1	do not feel
1	must be conducted
1	cannot be listed
1	also generates
1	knowing
1	are met
1	will be created
1	are typically written
1	often impossibleto
1	will succeed
1	may be posed
1	has become
1	virtualizing
1	else slows
1	having voted
1	to standardize
1	has not been solved
1	distributed computing
1	can be successfully built
1	does not strictly require
1	may prove
1	achieves
1	have soured
1	ballot-casting
1	are modified
1	must correctly retain
1	should establish
1	personally identifying
1	can also be hand-counted
1	can fulfill
1	is recording
1	can disrupt
1	have been spent
1	is structured
1	continue to refer
1	adhering
1	punchscan also uses
1	is getting
1	may be audited
1	cannot carry
1	must also be told
1	is not balanced
1	target
1	compiles
1	emails
1	to corrupting
1	used to compromise
1	would need
1	to be specified
1	banned
1	compiled
1	have voted
1	to be lost
1	faithfully reports
1	distributes
1	cannot necessarily protect
1	is correctly represented
1	must sometimes make simplifying
1	has spent
1	failed
1	may be forced to compromise
1	been renamed
1	has focused
1	being written
1	to accept
1	will not adopt
1	had successfully cast
1	can also reduce
1	should supplement
1	66
1	always terminates
1	has been completed
1	attacking
1	also have
1	will still be
1	to become
1	are verified
1	to associate
1	must not cause
1	also helps prevent
1	must be verified
1	together provide
1	was correctly encrypted
1	surreptitiously modifying
1	is typically automated
1	to contextualize
1	have chosen to deploy
1	experiences
1	reach
1	is allowed to vote
1	should specify
1	would also like to thank
1	would not have been
1	is technically distributed
1	to frequently commit
1	does not obtain
1	may continue working
1	conforming
1	rightly make
1	k.
1	to interfere is
1	have integrated
1	is to pervasively use
1	generalizes
1	sell
1	are selected
1	manipulating
1	will be required to establish
1	can be refined to fit
1	then change
1	does not mean
1	vcs commit
1	have not been
1	is not enough to make
1	does not produce
1	should deviate
1	to continue
1	treated
1	may be used to violate
1	are calculated
1	determined
1	to modify
1	can expose
1	biasing
1	to reproduce
1	are availableit should be
1	so there is
1	might do
1	isolating
1	git is
1	more recently discovered
1	can repeat
1	malware may change
1	will show
1	selling
1	may verify
1	to call
1	photographing
1	to play
1	would almost certainly have to be
1	enough to test
1	are added
1	automatically handle
1	proof-carrying
1	help make
1	typically change
1	guaranteeing
1	must not affect
1	sometimes enormously well-funded
1	may sacrifice
1	done
1	talked
1	linking
1	wants to connect
1	reflected
1	has seen
1	only have
1	to falsely challenge
1	might require
1	is asked
1	is well-supported
1	wish to better understand
1	inferred
1	are overlaid
1	were counted
1	can still be
1	can deploy
1	cast can never be
1	can resist
1	must be proven
1	must inform
1	may believe
1	to watch
1	are not making
1	get
1	will take
1	denoted
1	have enabled
1	is found
1	also preserves
1	does not control
1	may be chosen
1	divide
1	can fraudulently impersonate
1	has attempted to build
1	used to generate
1	ripple
1	reduce
1	has been tampered
1	successfully enters
1	referred
1	completely controls
1	web_based
1	is untrusted
1	can remain
1	altering
1	being concerned
1	must write
1	correctly interprets
1	also does not provide
1	fairly represents
1	are flourishing
1	may be lessened
1	could improve
1	to require
1	come to trust
1	seeking
1	motivated
1	will be voted
1	are already mitigated
1	has not been influenced
1	to guess
1	must be built
1	discloses
1	committed
1	effectively single-purpose application/operating
1	is restricted to shifting
1	is augmented
1	should be written
1	would simply throw
1	has led
1	have offered
1	has revealed
1	can exercise
1	frequently be reversed
1	are also challenging
1	lay out
1	operationalare
1	is stored
1	must establish
1	onethat provide
1	was recently proposed
1	undergo
1	may deviate
1	also has
1	repealed
1	softwarethat is
1	countering
1	chooses to take
1	is not secure
1	tries
1	derived
1	then calculates
1	have been forced to strengthen
1	effectively becomes
1	is not allowed to use
1	are presented
1	is digitally signed
1	is assigned
1	is widely recognized
1	may still achieve
1	often costing
1	perhaps guided
1	ratified
1	to induce
1	acts
1	should not be pursued
1	frequently change
1	are embedded
1	can be dynamically deployed
1	substantially limits
1	is properly constructed
1	ever needs to be completely trusted
1	synchronized
1	is not considered
1	cross-checked
1	is not counted
1	are also offered
1	can help increase
1	have urged
1	does not assert
1	are briefly summarized
1	to subvert
1	can effectively counter
1	appropriately given
1	is coming
1	are publicly known
1	can be tracked
1	initially defined
1	write-only
1	controlling
1	locally installed
1	constructs
1	does not need to be won
1	must also represent
1	has been changed
1	are counted
1	may be required
1	can break
1	should be declared
1	is dictated
1	are properly recorded
1	cannot be relied
1	would certainly be
1	are meant to be
1	would be to vote
1	armed
1	need to be made
1	also require
1	is hopelessly compromised
1	require using
1	to be assured
1	would likely not know to vote
1	have to be
1	must impede
1	must be presented
1	can be used to cover
1	are intended to work
1	should be evolved
1	will affect
1	inspired
1	data called
1	assures
1	to discover
1	to decrypt
1	respond to changing
1	can then use
1	can simply run
1	can add
1	should be constructed
1	are arranged
1	often rely
1	excludes
1	tried to vote was
1	edited
1	is being correctly performed
1	learned
1	is carried out
1	attempts to identify
1	will have already been done
1	invoking
1	do not follow
1	housed
1	publicly audited
1	should be interpreted
1	can be identified
1	to serve
1	will believe
1	can be said to realize
1	is created
1	is closely linked
1	employing
1	traditionally designed
1	also support
1	are tested
1	is summarized
1	has exposed
1	to assess
1	joined
1	still offers
1	may actually modify
1	does not otherwise constrain
1	also described
1	can be quite complicated
1	trails
1	fall
1	decide
1	interpreting
1	to deploying
1	also describes
1	are named
1	returning
1	invalidate lost
1	is entirely represented
1	have not yet seen
1	would have erased
1	must mark to cast
1	to equivocate
1	to scale
1	are so routinized
1	may pass
1	also lacked
1	preserves
1	would be used to prove
1	duplicated
1	to oversee
1	may be painstakingly verified
1	start generating
1	adhere
1	does not discuss
1	has ended
1	to substantiate
1	is computed
1	can only recommend
1	can never be removed
1	was done
1	to download
1	resembles
1	has been designed
1	wombat is
1	application-scale secure
1	attempted to use
1	cannot control
1	is made
1	unexpectedly unplugging
1	to stop
1	must be demonstrated
1	should be adopted
1	tackle
1	should be tested
1	to extend
1	standardize
1	releasing
1	cannot prevent
1	gaining
1	are spoiled
1	must have associated
1	is inaccurately recorded
1	to assure
1	are not counted
1	are assumed to be
1	continues to operate
1	are to be used
1	then cast
1	mandated
1	is working
1	often defined
1	must show
1	file
1	not only be
1	to earn
1	is mechanically tied
1	can support
1	can be carried
1	is sampled
1	are not directly addressed is
1	was correctly transmitted
1	should attempt to minimize
1	often require
1	obtains
1	credentialsin
1	would be attempted
1	can be roughly divided
1	can be determined
1	is leaked
1	can only be compromised
1	serialized
1	is to effectively make
1	to marking
1	evidencebased
1	amplify
1	buying
1	to peer
1	has been cast
1	are hired
1	are tallied
1	only well-studied
1	fails to realize
1	is supposed to be
1	can be protected using
1	does not affect
1	can digitally record
1	sealed
1	to tackle
1	therefore split
1	would not need to have
1	magic fix
1	have not yet been
1	removing
1	is left
1	will simply use
1	actively prevent
1	is now referred
1	must certify
1	determine
1	aims to surreptitiously modify
1	are not widely used
1	might recur
1	to justify
1	certify
1	to divide
1	are listed
1	act
1	do not consider
1	will not be used
1	can be considered
1	checking is
1	conducting
1	can be absorbed
1	might also allow
1	did not count
1	refers
1	is run
1	can then be trusted to perform
1	will vary depending
1	to be protected
1	to emerge to support
1	are precisely expressed
1	also be used to choose
1	destroys
1	to attempt to implement
1	may also be expressed
1	entails
1	cannot be recorded
1	unequivocally identify
1	often lack
1	authenticate
1	positively absorb
1	might be designed
1	carefully specify
1	to accommodate
1	matching
1	therefore could not be
1	can be effectively deployed
1	are not shared
1	are preferred
1	otherwise violate
1	calling
1	used to protect
1	greatly reduce
1	can be found
1	endorsed
1	therefore cannot be used
1	to examine
1	can sign
1	will inevitably be disputed
1	comprehensively identifies
1	do not authenticate
1	ciphertexts become disassociated
1	have been properly recorded
1	listening
1	to fool
1	predetermined
1	does not reveal
1	are not mentioned
1	represents
1	hover
1	to be shipped
1	were released
1	could be selectively directed
1	are as follows
1	continue to describe
1	might not think to add
1	be presented
1	can be resolved
1	would be regulated
1	to act
1	can be challenged to prove
1	touch
1	want to collaboratively compute
1	correctly recoded
1	also participate
1	captures
1	must address
1	is then placed
1	is centralized
1	are revealed to have
1	had failed
1	else has been recorded
1	can return
1	easing
1	dashed
1	solve
1	particularly focus
1	may be used
1	were disenfranchised
1	will not trust
1	validate
1	has performed
1	would be affected
1	have been properly counted
1	to merge
1	would like
1	have shifted
1	are duly registered
1	can explore
1	shifts
1	have attempted to reduce
1	can significantly reduce
1	shall be required
1	must be monitored
1	is poised to respond
1	oversaw drafting
1	to enter
1	must be extracted
1	could be implemented
1	affected
1	is supported
1	punched
1	pressing
1	certainly want
1	would need to be corrupted
1	outcomeis
1	fixed set
1	to unintentionally spoil
1	to be violated
1	are hampered
1	was correctly posted
1	mandating
1	have been audited
1	will not provide
1	to such
1	are implicitly stated
1	compile
1	are commonly used to record
1	disconnected
1	would be using
1	paying
1	can undetectably
1	may be verified
1	must not be deployed
1	has to be dealt
1	was carried
1	even exists
1	can be strengthened
1	fall short is
1	are submitted
1	was organized
1	could have
1	may also have depended
1	mark
1	may be derived
1	accurately reflect
1	tuning
1	could easily be used to deliver
1	combines
1	finally make
1	considering
1	reordered
1	also influences
1	can choose to spoil
1	is designed to identify
1	learning
1	are easier to use
1	may even be
1	is to express
1	is displayed
1	mirroring
1	dontto
1	be implemented
1	may go
1	galois provided
1	to fall
1	is disallowed
1	permanently expand
1	comes
1	varies depending
1	is expected to be used
1	s
1	written using
1	enabling
1	study based
1	are not present
1	configuring
1	jeopardizing
1	chooses to audit
1	originates
1	is defined
1	may be audited to ensure
1	to be involved
1	will push to deploy
1	temporally connected
1	analyzes
1	cannot use
1	intended is
1	refine
1	long enough to decide
1	can be used to analyze
1	may be cast electronically must not begin
1	reading
1	can be networked
1	to defeat
1	to formalize
1	originated
1	not well suited
1	should be used to mechanize
1	is equipped
1	review
1	can fall
1	designed to just prevent
1	must be taken to ensure
1	would immediately disqualify
1	must be protected
1	are provided
1	does not declare to be spoiled
1	were watered
1	can compare
1	insufficiently secured
1	can be used to provide
1	violated
1	is not required to reveal
1	imposing
1	is said to realize
1	wiki
1	can give
1	usually welcomes
1	communicated
1	discussing
1	was properly received
1	also to prevent
1	to invoke
1	to simulating
1	have been vetted
1	to advance
1	is supposed to react
1	to purchase
1	can not tamper
1	have used
1	will exercise
1	framing
1	cannot
1	affecting
1	have been accurately recorded
1	is not written
1	can expect
1	are always run
1	is considered
1	guarded
1	raising
1	believing
1	must implement
1	would include creating
1	be launched
1	may also be used to automatically generate
1	to be required
1	to deliver
1	do provide
1	data
1	possibly modified
1	would do
1	built to run
1	lettered
1	also includes
1	are not clearly associated
1	spyware
1	can evaluate
1	to simply deciding
1	to not accept
1	wish to influence
1	vetted
1	always be achieved
1	must prepare
1	could satisfy
1	must be locked
1	preferably mechanically-checked
1	only count
1	fills
1	participationare
1	can be used to identify
1	is returned
1	be processed
1	have associated
1	still do not provide
1	falls
1	to resist
1	is not concerned
1	may be carried
1	will be generated is determined
1	has been accepted
1	has not been physically tampered
1	switching
1	could be generated
1	may automatically require
1	intends
1	can work
1	violates
1	was correctly recorded
1	to be compromised
1	currently recommend
1	would recognize
1	are deliberately added
1	saw
1	often requires
1	invalidates
1	voiced
1	abled
1	to present
1	can enable
1	must be run to demonstrate
1	previously noted
1	appreciate
1	eliminating
1	mated
1	is to provide
1	may also need to run
1	also reduce duplicated
1	should be pinned
1	needed to guarantee
1	can estimatebased
1	have been faithfully executed
1	can help to increase
1	is developed
1	independently verify
1	can rely
1	must resolve
1	representing
1	used to encode
1	used to run
1	to reveal
1	are directly stated
1	viewing
1	will be organized
1	having voted must correspond
1	has been deleted
1	would be disenfranchised
1	must extend
1	exploring
1	convene
1	should remain
1	can mathematically deduced
1	can be hosted
1	can be provided
1	sometimes called
1	can open
1	have entirely switched
1	are doing
1	can be perpetrated
1	checked
1	may standardize
1	is entered
1	does not show
1	sounds
1	have been used
1	often translates
1	abroad is
1	is invented
1	comprised
1	is complicated to prevent
1	can register
1	is to uncover
1	needs to account
1	are integrated
1	is concerned
1	can understand
1	revolutionizing
1	would not even be
1	to ddos
1	therefore has
1	earning
1	well-controlled
1	has been proposed
1	required to demonstrate
1	will not describe
1	audit-or-cast
1	specifically attempts to reduce
1	might limit
1	does not explicitly deal
1	schemereveals
1	may be identified
1	must be separately tallied
1	have been widely-deployed
1	are well-supported
1	living
1	to be intercepted
1	cannot prove
1	attack might not be
1	enforce existing
1	entering
1	are run over
1	directing
1	is produced
1	to affect
1	will be mandated
1	prompted
1	also limited
1	is not involved
1	establishing
1	cast is counted
1	may interfere
1	outweigh
1	enacted
1	silently modifying
1	is repeated
1	can be described
1	prefers not to manually enter
1	regularly use
1	compelled
1	to maximize
1	are built using
1	would violate
1	to shift
1	ries supplemented
1	views
1	can also track
1	datacan be centralized
1	may include
1	is to formalize
1	can later confirm
1	to counter
1	are otherwise expressed
1	is designated
1	manages are
1	were somehow discovered
1	thank
1	derive
1	can manipulate
1	affirms
1	therefore worth accepting
1	raised
1	displayed
1	forfeit
1	also communicates
1	is recorded
1	were called
1	invests
1	switch
1	to be widely accepted
1	recommends printing
1	succeeded
1	stress
1	do not discuss
1	does not sway
1	can make to more strongly protect
1	grow
1	are agreed
1	does control
1	designated
1	crashes
1	forward can be found
1	will make
1	currently exists
1	must agree
1	to performing
1	is to build
1	can improve
1	must be assured
1	is recognized
1	to construct
1	may deceive
1	should perform
1	can communicate using
1	must delegate
1	monitoring
1	not require
1	arguably assures
1	is obtained
1	spanning
1	must call
1	are prohibited
1	may be restricted
1	should refer
1	should be identified
1	dedicated
1	has brought to light
1	may be affected
1	printing
1	usually referred
1	can believe
1	is associated
1	was limited
1	to quickly detect
1	directly address
1	is infected
1	capturing
1	does not include
1	to name
1	should be designed
1	will need to take
1	is perceived
1	will depend
1	can uncover
1	would affect
1	sharing
1	to unambiguously recognize
1	deletes
1	was to secure
1	be detected
1	are automatically generated
1	crowdsourcing
1	are required to actually generate
1	could be issued
1	can be collected
1	to enhance
1	to ask
1	directly makes
1	having to present
1	can be extended
1	might have restricted
1	is invited to enter
1	might be implemented
1	compare
1	were stored
1	inducing
1	retired
1	far exceeds
1	to alter
1	exemplifies
1	is to minimize
1	funded
1	overrides
1	may describe
1	does not ensure
1	to capture
1	also corrupts
1	address
1	to executable
1	close reveals
1	would cost
1	learn
1	need not actually be deployed
1	may help mitigate
1	satisfy
1	is primarily focused
1	have been compromised
1	suspect
1	exists to determine
1	are carefully checked
1	are usually automated
1	has passed
1	gives existing
1	did not accurately receive
1	are not meant to be
1	must accommodate
1	exist to automate
1	should be fulfilled
1	must not include
1	should be chosen
1	regularly scheduled
1	to fix
1	is uniformly distributed
1	are not included
1	would only come
1	trigger automated
1	can be trusted
1	says
1	work
1	are imposed
1	are reading
1	being used
1	must choose
1	must not enable
1	yet can still use
1	will usually produce
1	do not mandate
1	only trusted
1	travels
1	does not exist
1	leavens
1	will be required to fulfill
1	will certainly not be
1	to show
1	to welcome
1	is to continue peer-reviewed
1	are discarded
1	is limited
1	often are
1	is concentrated
1	communicate using
1	weakening
1	striving
1	perform auditing
1	could establish
1	mounted
1	also recommend
1	often forfeit
1	are executed
1	cannot result
1	will do
1	should be designed to discourage
1	can be interpreted
1	are missing
1	activated
1	indicating
1	must be hand-built
1	be written
1	cannot be miscounted
1	may choose to audit
1	can be seen
1	are operating
1	could then be detected
1	also discusses
1	must resist
1	to end
1	cloud computing
1	is to be expected
1	can select to audit
1	verifiabilityincluding
1	will always have to trust
1	malware involve
1	entrust
1	needs to be committed to stable
1	is heavily influenced
1	malware can still compromise
1	is still needed
1	can also help to direct
1	substantially replace
1	preceding
1	is done using
1	is employed to ensure
1	refining
1	intend
1	permitting
1	can easily break
1	have suggested
1	do not recur
1	can be used to guarantee
1	still having
1	is constructed using
1	have significantly expanded
1	have proposed
1	may inspect
1	to actually implementing
1	may implement
1	must not consider
1	helps prevent
1	using only trusted computing
1	have often been used
1	proves
1	must therefore be undertaken
1	may be arbitrarily composed
1	covers
1	to all-mail
1	can generally be obtained
1	proved
1	gather
1	diagnose
1	technologiesare
1	can determine
1	shall maintain
1	can vote
1	malware was
1	are audited
1	is not detected
1	is kept
1	dont even have to trust
1	been dismissed
1	can be easily verified
1	was conducted
1	to forge
1	can only be lost
1	are retained
1	is stopped
1	removed
1	sustained
1	hear
1	must behave
1	encodes
1	have identified are
1	becoming
1	publicly publishes
1	to frame
1	easily regenerated
1	must be irrevocably broken
1	offered to donate
1	would simply be disenfranchised
1	would be to use
1	also means
1	can only improve
1	to set up
1	currently exist
1	otes
1	refined
1	rendering
1	can play
1	only provides
1	are workarounds
1	has accurately tallied
1	to accomplish
1	must exist to update
1	can still depend
1	needed to run
1	are stuck
1	will be flagged
1	would modernize
1	is always raised
1	commit
1	are taking
1	misleading
1	accepts
1	should be published
1	is to oblige
1	stuffing can be caught
1	mechanized
1	recounts must be
1	has finished participating
1	would include
1	is using will not create
1	does not verify
1	zero-knowledge
1	be run
1	could be used to discover
1	barcode
1	is simply to check
1	can be permanently lost
1	being required
1	alone does not provide
1	are then posted
1	unequivocally ensures
1	should not be allowed
1	signifying
1	must contain
1	will vary
1	has posted
1	can fail
1	automated spying
1	can be mailed
1	is often used to measure
1	to be verified
1	to presume
1	could also send
1	should allow
1	begin
1	to comply
1	sends
1	want to study
1	deal
1	are allowed to cast
1	blindly guessing
1	has shown
1	could not be detected
1	to expect
1	can easily be included
1	can be used to derive
1	must also verify
1	to plug
1	to formally extend
1	depicts
1	simply prevents
1	preconfigured
1	distributed processing
1	must also keep
1	being accessed
1	tricking
1	are typically designed to specify
1	were marked
1	is fundamentally opposed
1	evidenced
1	belongs
1	is not corrupted
1	can physically look
1	be explicitly enumerated
1	to agree
1	was built
1	is processing
1	adding
1	have established
1	can generate
1	should present
1	followed
1	cannot be prevented
1	quotes
1	writingis
1	has historically been
1	might skip
1	can post
1	may send
1	was added
1	actually counting
1	inherit
1	to frequently check
1	programs
1	must generate given
1	can be neither modified
1	may retain
1	can be directly addressed
1	can be summarized
1	were properly counted
1	help build
1	to thwart
1	can be modified
1	exemplars
1	is often lost
1	differing
1	more strictly mediating
1	also enables
1	actually corresponds
1	is allowed to challenge
1	to educate
1	reportshould primarily rely
1	will prevent
1	attempt to determine
1	would experience
1	suggest
1	are encrypted
1	often want to consider
1	can merge
1	are not approved
1	be carried
1	has actively worked to insert
1	jared
1	subsequently-recorded
1	need
1	could assert
1	is used to enable
1	launched
1	can annotate
1	carefully customized
1	can perform
1	still presenting
1	will trust
1	easily lost
1	originate
1	can directly understand
1	may interact using
1	can be automatically transformed
1	lawparticularly facilitated
1	must be addressed
1	has been successfully cast
1	doubts
1	softwareare
1	to f defines
1	must be restored
1	concerning
1	also acts
1	remain to be addressed
1	may be interested
1	publishes
1	generally behaves
1	entered
1	are meant to establish
1	regarding existing
1	may have been missed
1	should then be analyzed
1	has been done
1	can begin
1	been
1	to secure
1	malware prevented
1	observing
1	asks
1	may want to make
1	trust
1	would effectively run
1	privacy-preserving
1	will be widely used
1	need to verify
1	can significantly increase
1	must not be allowed to show
1	are inherently suspect
1	was assigned
1	pose
1	might load
1	used to build
1	can approve
1	workarounds
1	to survive
1	to time-stamp
1	actually executing
1	is not necessarily secure
1	chosen must be trusted
1	merging
1	to sign
1	still has
1	adapting
1	improve
1	could not observe
1	picking
1	can be expected to protect
1	is to discover
1	to being used
1	dedicated to running
1	did not cast
1	drawn
1	automatically build
1	are motivated
1	can be independently audited using
1	can build
1	should be automated
1	should be certified
1	has been adopted
1	are being
1	said
1	to be misled
1	clarifies
1	are needed
1	result
1	significantly limits
1	votehas
1	decides
1	can be inspected to show
1	must guarantee
1	release
1	legally barred
1	can adequately address
1	to sufficiently audit
1	was stopped
1	must be kept up
1	may be given
1	suffers
1	briefly discuss
1	chose to contribute
1	report
1	consistently maintaining
1	to signify
1	made known
1	began to introduce
1	not pursue
1	is directly tied
1	de
1	may be synthesized
1	can only be achieved
1	disconnecting
1	view using
1	may be parameterized
1	judged
1	formally verified operating
1	not replace
1	explain
1	not being counted
1	does not satisfy
1	clicked
1	did not accept
1	also leads
1	to best understand
1	participate
1	is ignored
1	could modify
1	to isolate
1	merely presenting
1	are experimenting
1	lead to better
1	etc.should disappear
1	can only be manipulated
1	need to be described
1	ben-nun
1	to return
1	would find
1	tallying is automated
1	to pay
1	should direct
1	should be used to implement
1	not to block
1	must also be modified
1	released
1	do not trust
1	has to apply
1	assisting
1	formalizing
1	to gather
1	can negate
1	retaining
1	to correct
1	culminates
1	extending
1	to encrypt
1	is encoded
1	to be present
1	needs to actually verify
1	is operating
1	even machine-generated
1	causing
1	already built
1	will not be resolved
1	also depends
1	functioning
1	also handle
1	seek
1	seem
1	independently selected
1	is not trusted to follow
1	to log
1	will wait
1	must follow
1	ran
1	have already been tested
1	has been placed
1	are correctly represented
1	must be trusted to perform
1	tipping
1	hacking
1	have been correctly recorded
1	randomly permuted
1	would be welcomed
1	should require
1	must be pursued
1	will replace
1	will move
1	may not waive
1	will be hidden provided
1	has been signed
1	intentionally test
1	is being developed
1	also aims to clear up
1	is entrusted
1	will discourage
1	ranging
1	should include
1	digitally signed
1	have implemented
1	compromise
1	confirming
1	is unfairly manipulated to produce
1	to segregate
1	calculated based
1	illustrate
1	is running
1	must also establish
1	to hire
1	must accurately count
1	may not want to provide
1	relating to provisioning
1	encouraging
1	have started to recognize
1	must be defined
1	to manipulate
1	fill out
1	cooperating
1	can commit
1	is intended to fulfill
1	incorporated
1	is operated
1	also does not have
1	to be mechanically generated
1	to count
1	are not dealt
1	can be designed
1	has been notified
1	are dedicated to bringing
1	should not be
1	may be participating
1	involve examining
1	mistaking
1	malware can hide
1	have enacted
1	threatened
1	being falsely injected
1	cannot manipulate
1	registered to vote
1	still exist
1	are communicated
1	has presented
1	to combine
1	can deceive
1	to improve
1	restricted
1	has to be changed
1	may also misunderstand
1	would probably prevent
1	may not realize
1	be fixed
1	often permit
1	extract
1	should still be taken to make
1	also determines
1	contracting
1	using automated
1	did not specify
1	fully peer-to-peer
1	will inevitably be
1	notifies
1	only to discover
1	may see
1	feeds
1	must change
1	never got
1	need help
1	need to be considered
1	tampering
1	typically are meant to discover
1	is configured
1	is focused
1	can be held
1	should all be addressed
1	have been used to collect
1	must send
1	would have to buy
1	educating
1	is verified
1	has correctly recorded
1	have served
1	to vote have
1	cannot test
1	recommend skipping
1	are safely submitted
1	hidden
1	to assist
1	thus require
1	will likely make
1	have limited
1	exhibits
1	is decided to include
1	to mechanize
1	often focus
1	must not depend
1	to interact
1	abroad can interoperate
1	was received
1	developed according
1	may imply
1	executes
1	are compromised
1	eventually comes
1	devote
1	to totally eradicate
1	executed
1	operate as follows
1	operate
1	have to resort
1	enter
1	has successfully been used to find
1	to buffer
1	can be further divided
1	will probably never be
1	attempt to vote
1	have turned
1	purchase
1	collectively maintained
1	significantly reducing
1	have also progressed
1	summarize
1	formally specified
1	lay
1	must recognize
1	damaged
1	would likely be split
1	then spoil
1	simply ignoring
1	essentially pointing
1	to reject
1	is designed
1	interleaves
1	must be followed
1	cannot be changed
1	was described
1	can send
1	can bebut
1	must be connected
1	is not well suited
1	end
1	be trusted
1	could exploit
1	advancing
1	exist to help verify
1	can demonstrate
1	automatically generate
1	are overloaded
1	nonetheless make
1	validates
1	preserving
1	to be magnified
1	must be continuously monitored
1	cannot be issued
1	was given
1	is typically generated
1	even measuring
1	can be achieved
1	can run
1	specialized to support
1	candidateshould be
1	might discover
1	required to run
1	can create
1	to be generated
1	separates
1	to imagine
1	warn
1	to connect
1	also making
1	is depicted
1	successfully corrupts
1	must be carried
1	can be embedded
1	are planning to revise
1	to contribute
1	chooses
1	that can be done
1	is powered onis
1	fully distributed
1	can be expressed using
1	re-engineering
1	to transmit
1	wishes to use
1	design informed
1	are meant to be used
1	cannot enforce
1	been removed
1	are justified
1	stipulated
1	are explained
1	only publicly documented
1	therefore depends
1	has been
1	given increasing
1	must never be pursued
1	can be inferred
1	obtained
1	are required to trust
1	interpret
1	not mentioned
1	to examining
1	must consider
1	can serve
1	is required to keep
1	can reveal
1	universally deployed
1	can conclude
1	galoiss
1	significantly overlaps
1	was generated is
1	must be involved
1	to cover
1	only recommend
1	will arise
1	is being faithfully implemented
1	should detect
1	has numbered
1	is conducted to confirm
1	incorrectly claiming
1	is frequently delivered
1	might be done
1	were thought to be
1	have advanced
1	force
1	can generally automate
1	have been counted
1	tallying is
1	can accommodate
1	having to rely
1	should minimize
1	to sell
1	do describe
1	could potentially use
1	to give
1	used to ensure
1	can then choose
1	can infer
1	bringing
1	only requires submitting
1	affect
1	to help test
1	summarized
1	to exercise
1	are developed
1	stipulate
1	to analyze
1	lurk
1	are distinguished
1	saves
1	have existed
1	is appended
1	connectionsshould be carried
1	are optimized
1	are expressed
1	will travel
1	are widely used
1	do not need to run
1	were not geared
1	are induced to sell
1	may only be used
1	calculate
1	may contain
1	explicitly refers
1	cannot generally eradicate
1	disappear
1	recorded is
1	covering
1	catch
1	still cannot be
1	is achieved
1	already has
1	are chosen
1	limited
1	takes to write
1	to fund
1	does not violate
1	will assess
1	to be corrected
